{
    "_id": "4559e9801702c1e0f9e293aef70059e5",
    "_rev": "1-da4290ba6be085099ce7c5293c013db8",
    "title": "iPhone 12 Pro Max 128GB - Pacific Blue",
    "category": "Electronics & appliances",
    "description": "Selling a gently used iPhone 12 Pro Max with 128GB storage in the elegant Pacific Blue color. The phone is in excellent condition with no scratches or dents, and comes with the original box and accessories.",
    "price": "$400",
    "photos": [
      {
        "file_id": "AgACAgIAAxkBAAMPZSMxYENg8pJXyiJTclLnHxW5QF4AAjnSMRtkjRhJ0hZyR6qBlsgBAAMCAANzAAMwBA",
        "file_unique_id": "AQADOdIxG2SNGEl4",
        "file_size": 817,
        "width": 90,
        "height": 60
      },
      {
        "file_id": "AgACAgIAAxkBAAMPZSMxYENg8pJXyiJTclLnHxW5QF4AAjnSMRtkjRhJ0hZyR6qBlsgBAAMCAANtAAMwBA",
        "file_unique_id": "AQADOdIxG2SNGEly",
        "file_size": 7492,
        "width": 320,
        "height": 213
      },
      {
        "file_id": "AgACAgIAAxkBAAMPZSMxYENg8pJXyiJTclLnHxW5QF4AAjnSMRtkjRhJ0hZyR6qBlsgBAAMCAAN4AAMwBA",
        "file_unique_id": "AQADOdIxG2SNGEl9",
        "file_size": 28697,
        "width": 800,
        "height": 533
      },
      {
        "file_id": "AgACAgIAAxkBAAMPZSMxYENg8pJXyiJTclLnHxW5QF4AAjnSMRtkjRhJ0hZyR6qBlsgBAAMCAAN5AAMwBA",
        "file_unique_id": "AQADOdIxG2SNGEl-",
        "file_size": 50428,
        "width": 1280,
        "height": 853
      }
    ],
    "username": "newversionofkelvin",
    "user_id": 340443504,
    "timestamp": 1696805219428
  }