{
    "_id": "4559e9801702c1e0f9e293aef70098bd",
    "_rev": "1-47de91b37cfaed6638bd4ced3c4c16a3",
    "title": "Delicious cake for any event",
    "category": "Other",
    "description": "As a passionate home baker, I specialize in creating a variety of cakes that not only look beautiful but taste heavenly. From classic vanilla and rich chocolate to customized flavors and designs, your satisfaction is my ingredient for success.",
    "price": "Starts from $25, call me",
    "photos": [
      {
        "file_id": "AgACAgIAAxkBAAPlZSM4218UYmXofTtAVe9W6yGLP3MAAnjNMRuOmBlJhzzU_0o8bXwBAAMCAANzAAMwBA",
        "file_unique_id": "AQADeM0xG46YGUl4",
        "file_size": 1490,
        "width": 60,
        "height": 90
      },
      {
        "file_id": "AgACAgIAAxkBAAPlZSM4218UYmXofTtAVe9W6yGLP3MAAnjNMRuOmBlJhzzU_0o8bXwBAAMCAANtAAMwBA",
        "file_unique_id": "AQADeM0xG46YGUly",
        "file_size": 21634,
        "width": 213,
        "height": 320
      },
      {
        "file_id": "AgACAgIAAxkBAAPlZSM4218UYmXofTtAVe9W6yGLP3MAAnjNMRuOmBlJhzzU_0o8bXwBAAMCAAN4AAMwBA",
        "file_unique_id": "AQADeM0xG46YGUl9",
        "file_size": 94950,
        "width": 533,
        "height": 800
      },
      {
        "file_id": "AgACAgIAAxkBAAPlZSM4218UYmXofTtAVe9W6yGLP3MAAnjNMRuOmBlJhzzU_0o8bXwBAAMCAAN5AAMwBA",
        "file_unique_id": "AQADeM0xG46YGUl-",
        "file_size": 180339,
        "width": 853,
        "height": 1280
      }
    ],
    "username": "boyMCMXCII",
    "user_id": 340443504,
    "timestamp": 1696807133843
  }