{
    "_id": "4559e9801702c1e0f9e293aef7009ad4",
    "_rev": "1-c07528d9ece000471681c2d41e21cdd4",
    "title": "Professional manicure in our house",
    "category": "Beauty & health",
    "description": "Whether you prefer a classic, gel, or artistic nail design, I offer a range of manicure services tailored to your taste. Using high-quality, non-toxic nail products, I ensure a luxurious experience in a relaxing and hygienic environment.",
    "price": "Starting at $15!",
    "photos": [
      {
        "file_id": "AgACAgIAAxkBAAP2ZSM5YXo8FSEEdFV7CgwD0oMYOF4AAnnNMRuOmBlJrb9F7n1O-04BAAMCAANzAAMwBA",
        "file_unique_id": "AQADec0xG46YGUl4",
        "file_size": 1137,
        "width": 90,
        "height": 47
      },
      {
        "file_id": "AgACAgIAAxkBAAP2ZSM5YXo8FSEEdFV7CgwD0oMYOF4AAnnNMRuOmBlJrb9F7n1O-04BAAMCAANtAAMwBA",
        "file_unique_id": "AQADec0xG46YGUly",
        "file_size": 16032,
        "width": 320,
        "height": 168
      },
      {
        "file_id": "AgACAgIAAxkBAAP2ZSM5YXo8FSEEdFV7CgwD0oMYOF4AAnnNMRuOmBlJrb9F7n1O-04BAAMCAAN4AAMwBA",
        "file_unique_id": "AQADec0xG46YGUl9",
        "file_size": 86154,
        "width": 800,
        "height": 420
      },
      {
        "file_id": "AgACAgIAAxkBAAP2ZSM5YXo8FSEEdFV7CgwD0oMYOF4AAnnNMRuOmBlJrb9F7n1O-04BAAMCAAN5AAMwBA",
        "file_unique_id": "AQADec0xG46YGUl-",
        "file_size": 145023,
        "width": 1200,
        "height": 630
      }
    ],
    "username": "boyMCMXCII",
    "user_id": 340443504,
    "timestamp": 1696807267840
  }