{
    "_id": "4559e9801702c1e0f9e293aef70089a7",
    "_rev": "1-bdec8355ce3b47c1660a90ca30fe862c",
    "title": "Plumber (Mon-Fri)",
    "category": "Help & services",
    "description": "Need a trustworthy plumber? With years of experience in the plumbing industry, I provide a range of services including leak repairs, drain cleaning, and installations. Available from Monday to Friday to tackle your plumbing needs with professionalism and efficiency.",
    "price": "Call for a free estimate",
    "photos": [
      {
        "file_id": "AgACAgIAAxkBAAO_ZSM39FfxCrhgQZhrY4O_JPudHL8AAnbNMRuOmBlJUCJQNcxzLSUBAAMCAANzAAMwBA",
        "file_unique_id": "AQADds0xG46YGUl4",
        "file_size": 1564,
        "width": 90,
        "height": 63
      },
      {
        "file_id": "AgACAgIAAxkBAAO_ZSM39FfxCrhgQZhrY4O_JPudHL8AAnbNMRuOmBlJUCJQNcxzLSUBAAMCAANtAAMwBA",
        "file_unique_id": "AQADds0xG46YGUly",
        "file_size": 20098,
        "width": 320,
        "height": 224
      },
      {
        "file_id": "AgACAgIAAxkBAAO_ZSM39FfxCrhgQZhrY4O_JPudHL8AAnbNMRuOmBlJUCJQNcxzLSUBAAMCAAN4AAMwBA",
        "file_unique_id": "AQADds0xG46YGUl9",
        "file_size": 88757,
        "width": 800,
        "height": 559
      },
      {
        "file_id": "AgACAgIAAxkBAAO_ZSM39FfxCrhgQZhrY4O_JPudHL8AAnbNMRuOmBlJUCJQNcxzLSUBAAMCAAN5AAMwBA",
        "file_unique_id": "AQADds0xG46YGUl-",
        "file_size": 108573,
        "width": 1024,
        "height": 715
      }
    ],
    "username": "boyMCMXCII",
    "user_id": 340443504,
    "timestamp": 1696806902952
  }