{
    "_id": "4559e9801702c1e0f9e293aef7005c3e",
    "_rev": "1-406b34e236efc359ae97fbddcec8868b",
    "title": "Samsung refrigerator (new)",
    "category": "Electronics & appliances",
    "description": "This spacious, stainless steel fridge has adjustable shelves and a frost-free freezer. Keep your food fresh and your wallet happy. It hasn't been used, but it was unboxed.",
    "price": "$550",
    "photos": [
      {
        "file_id": "AgACAgIAAxkBAAMkZSMx_u8Talka9Cqys7_j0mMgRSUAAmzNMRuOmBlJjhXhWJg5NtcBAAMCAANzAAMwBA",
        "file_unique_id": "AQADbM0xG46YGUl4",
        "file_size": 923,
        "width": 90,
        "height": 90
      },
      {
        "file_id": "AgACAgIAAxkBAAMkZSMx_u8Talka9Cqys7_j0mMgRSUAAmzNMRuOmBlJjhXhWJg5NtcBAAMCAANtAAMwBA",
        "file_unique_id": "AQADbM0xG46YGUly",
        "file_size": 6309,
        "width": 320,
        "height": 320
      },
      {
        "file_id": "AgACAgIAAxkBAAMkZSMx_u8Talka9Cqys7_j0mMgRSUAAmzNMRuOmBlJjhXhWJg5NtcBAAMCAAN4AAMwBA",
        "file_unique_id": "AQADbM0xG46YGUl9",
        "file_size": 29797,
        "width": 800,
        "height": 800
      },
      {
        "file_id": "AgACAgIAAxkBAAMkZSMx_u8Talka9Cqys7_j0mMgRSUAAmzNMRuOmBlJjhXhWJg5NtcBAAMCAAN5AAMwBA",
        "file_unique_id": "AQADbM0xG46YGUl-",
        "file_size": 38982,
        "width": 1000,
        "height": 1000
      }
    ],
    "username": "newversionofkelvin",
    "user_id": 340443504,
    "timestamp": 1696805378066
  }