{
    "_id": "4559e9801702c1e0f9e293aef70060e6",
    "_rev": "1-1606dd6aa7f09f342cbf3924eb1efab3",
    "title": "Dior Suit Jacket (Dark Blue, XS)",
    "category": "Clothes & accessories",
    "description": "Embrace the cool parties with this timeless Dior jacket. High-quality, soft cotton with a comfortable fit. Like new, worn only a few times. Size XS, can provide you with additional measurements if needed.",
    "price": "$1050",
    "photos": [
      {
        "file_id": "AgACAgIAAxkBAAM1ZSMzJebwG7j84CPBMtDbbds7YkYAAm3NMRuOmBlJTi5AXdYU2ZcBAAMCAANzAAMwBA",
        "file_unique_id": "AQADbc0xG46YGUl4",
        "file_size": 1242,
        "width": 71,
        "height": 90
      },
      {
        "file_id": "AgACAgIAAxkBAAM1ZSMzJebwG7j84CPBMtDbbds7YkYAAm3NMRuOmBlJTi5AXdYU2ZcBAAMCAANtAAMwBA",
        "file_unique_id": "AQADbc0xG46YGUly",
        "file_size": 9157,
        "width": 251,
        "height": 320
      },
      {
        "file_id": "AgACAgIAAxkBAAM1ZSMzJebwG7j84CPBMtDbbds7YkYAAm3NMRuOmBlJTi5AXdYU2ZcBAAMCAAN4AAMwBA",
        "file_unique_id": "AQADbc0xG46YGUl9",
        "file_size": 39004,
        "width": 628,
        "height": 800
      },
      {
        "file_id": "AgACAgIAAxkBAAM1ZSMzJebwG7j84CPBMtDbbds7YkYAAm3NMRuOmBlJTi5AXdYU2ZcBAAMCAAN5AAMwBA",
        "file_unique_id": "AQADbc0xG46YGUl-",
        "file_size": 80978,
        "width": 1005,
        "height": 1280
      }
    ],
    "username": "newversionofkelvin",
    "user_id": 340443504,
    "timestamp": 1696805673043
  }