{
    "_id": "4559e9801702c1e0f9e293aef700687c",
    "_rev": "1-34628d3ec1f0b0915506bb42b4aa9f8f",
    "title": "Kid's Winter Clothing Bundle",
    "category": "Clothes & accessories",
    "description": "Keep your little one cozy with this bundle of winter clothes. Includes jackets, sweaters, and pants for kids aged 3-5. Gently used, from a smoke-free, pet-free home. Get a great deal on quality clothing to stay warm all winter long",
    "price": "Free",
    "photos": [
      {
        "file_id": "AgACAgIAAxkBAANGZSMzyWRjoTCEGzekNnH08Yhd78wAAm7NMRuOmBlJdKN295yHnxkBAAMCAANzAAMwBA",
        "file_unique_id": "AQADbs0xG46YGUl4",
        "file_size": 1656,
        "width": 52,
        "height": 90
      },
      {
        "file_id": "AgACAgIAAxkBAANGZSMzyWRjoTCEGzekNnH08Yhd78wAAm7NMRuOmBlJdKN295yHnxkBAAMCAANtAAMwBA",
        "file_unique_id": "AQADbs0xG46YGUly",
        "file_size": 19804,
        "width": 186,
        "height": 320
      },
      {
        "file_id": "AgACAgIAAxkBAANGZSMzyWRjoTCEGzekNnH08Yhd78wAAm7NMRuOmBlJdKN295yHnxkBAAMCAAN4AAMwBA",
        "file_unique_id": "AQADbs0xG46YGUl9",
        "file_size": 93765,
        "width": 466,
        "height": 800
      },
      {
        "file_id": "AgACAgIAAxkBAANGZSMzyWRjoTCEGzekNnH08Yhd78wAAm7NMRuOmBlJdKN295yHnxkBAAMCAAN5AAMwBA",
        "file_unique_id": "AQADbs0xG46YGUl-",
        "file_size": 123396,
        "width": 564,
        "height": 969
      }
    ],
    "username": "newversionofkelvin",
    "user_id": 340443504,
    "timestamp": 1696805839155
  }