{
    "_id": "4559e9801702c1e0f9e293aef70069d1",
    "_rev": "1-9a25cf227a097b98c34c33afab90d296",
    "title": "Tesla Model 3 Long Range (2021)",
    "category": "Cars, bikes & parts",
    "description": "With an impressive range of 500 km on a full charge, experience the seamless power and remarkable quietness every time you drive. With under 10,000 km driven, this Tesla is in pristine condition awaiting its next eco-conscious owner.",
    "price": "$49,500",
    "photos": [
      {
        "file_id": "AgACAgIAAxkBAANdZSM1R0lgvxmMGZmn7-3kqNQEAAF_AAJvzTEbjpgZSWYzl-JcPB6FAQADAgADcwADMAQ",
        "file_unique_id": "AQADb80xG46YGUl4",
        "file_size": 981,
        "width": 90,
        "height": 64
      },
      {
        "file_id": "AgACAgIAAxkBAANdZSM1R0lgvxmMGZmn7-3kqNQEAAF_AAJvzTEbjpgZSWYzl-JcPB6FAQADAgADbQADMAQ",
        "file_unique_id": "AQADb80xG46YGUly",
        "file_size": 8929,
        "width": 320,
        "height": 226
      },
      {
        "file_id": "AgACAgIAAxkBAANdZSM1R0lgvxmMGZmn7-3kqNQEAAF_AAJvzTEbjpgZSWYzl-JcPB6FAQADAgADeAADMAQ",
        "file_unique_id": "AQADb80xG46YGUl9",
        "file_size": 36759,
        "width": 800,
        "height": 566
      },
      {
        "file_id": "AgACAgIAAxkBAANdZSM1R0lgvxmMGZmn7-3kqNQEAAF_AAJvzTEbjpgZSWYzl-JcPB6FAQADAgADeQADMAQ",
        "file_unique_id": "AQADb80xG46YGUl-",
        "file_size": 50126,
        "width": 1200,
        "height": 849
      }
    ],
    "username": "newversionofkelvin",
    "user_id": 340443504,
    "timestamp": 1696806219229
  }