{
    "_id": "4559e9801702c1e0f9e293aef7006ddf",
    "_rev": "1-3799ac6510ba336f9e819896bcb1d105",
    "title": "VanMoof S3 E-Bike",
    "category": "Cars, bikes & parts",
    "description": "Experience the future of urban commuting with the VanMoof S3 electric bike. Featuring an automatic electronic gear shifting, hydraulic brakes, and a boost button for acceleration. The anti-theft technology and smartphone connectivity help you find your bike.",
    "price": "€2,000",
    "photos": [
      {
        "file_id": "AgACAgIAAxkBAANyZSM16qHRLruNZ0_ejOdPU_ScwjUAAnDNMRuOmBlJtMzlJQpIvWUBAAMCAANzAAMwBA",
        "file_unique_id": "AQADcM0xG46YGUl4",
        "file_size": 1461,
        "width": 90,
        "height": 60
      },
      {
        "file_id": "AgACAgIAAxkBAANyZSM16qHRLruNZ0_ejOdPU_ScwjUAAnDNMRuOmBlJtMzlJQpIvWUBAAMCAANtAAMwBA",
        "file_unique_id": "AQADcM0xG46YGUly",
        "file_size": 21258,
        "width": 320,
        "height": 213
      },
      {
        "file_id": "AgACAgIAAxkBAANyZSM16qHRLruNZ0_ejOdPU_ScwjUAAnDNMRuOmBlJtMzlJQpIvWUBAAMCAAN4AAMwBA",
        "file_unique_id": "AQADcM0xG46YGUl9",
        "file_size": 91341,
        "width": 800,
        "height": 533
      },
      {
        "file_id": "AgACAgIAAxkBAANyZSM16qHRLruNZ0_ejOdPU_ScwjUAAnDNMRuOmBlJtMzlJQpIvWUBAAMCAAN5AAMwBA",
        "file_unique_id": "AQADcM0xG46YGUl-",
        "file_size": 167112,
        "width": 1280,
        "height": 853
      }
    ],
    "username": "boyMCMXCII",
    "user_id": 340443504,
    "timestamp": 1696806382534
  }