{
    "_id": "4559e9801702c1e0f9e293aef7007875",
    "_rev": "1-f67bddc21f3754984d8b0bc37fa9bb07",
    "title": "Multipurpose Cement Bags (7 left)",
    "category": "Building materials & DIY",
    "description": "Perfect for general construction work, repairs, and home DIY projects. Easy to mix and apply with a great finish every time.",
    "price": "$8 per bag",
    "photos": [
      {
        "file_id": "AgACAgIAAxkBAAOZZSM21iNX6D08zCuy9qP9ykJ5n8gAAnHNMRuOmBlJkcGRFxntTuIBAAMCAANzAAMwBA",
        "file_unique_id": "AQADcc0xG46YGUl4",
        "file_size": 1276,
        "width": 90,
        "height": 90
      },
      {
        "file_id": "AgACAgIAAxkBAAOZZSM21iNX6D08zCuy9qP9ykJ5n8gAAnHNMRuOmBlJkcGRFxntTuIBAAMCAANtAAMwBA",
        "file_unique_id": "AQADcc0xG46YGUly",
        "file_size": 16121,
        "width": 320,
        "height": 320
      },
      {
        "file_id": "AgACAgIAAxkBAAOZZSM21iNX6D08zCuy9qP9ykJ5n8gAAnHNMRuOmBlJkcGRFxntTuIBAAMCAAN4AAMwBA",
        "file_unique_id": "AQADcc0xG46YGUl9",
        "file_size": 64099,
        "width": 800,
        "height": 800
      },
      {
        "file_id": "AgACAgIAAxkBAAOZZSM21iNX6D08zCuy9qP9ykJ5n8gAAnHNMRuOmBlJkcGRFxntTuIBAAMCAAN5AAMwBA",
        "file_unique_id": "AQADcc0xG46YGUl-",
        "file_size": 76544,
        "width": 1250,
        "height": 1250
      }
    ],
    "username": "newversionofkelvin",
    "user_id": 340443504,
    "timestamp": 1696806617785
  }