{
    "_id": "4559e9801702c1e0f9e293aef700850d",
    "_rev": "1-89239a7fab78f91925b47ff869b2742a",
    "title": "Math Tutor (Calculus, Linear Algebra)",
    "category": "Help & services",
    "description": "With over 10 years of tutoring experience, I offer personalized maths tutoring for students of all ages. I tailor my teaching to ensure understanding and improvement. Flexible scheduling available. Let's make math fun and achievable!",
    "price": "$20 per hour",
    "photos": [
      {
        "file_id": "AgACAgIAAxkBAAOqZSM3Z411biOSfa1WeLWJMqYrigkAAnXNMRuOmBlJsLE-chzhrEABAAMCAANzAAMwBA",
        "file_unique_id": "AQADdc0xG46YGUl4",
        "file_size": 1471,
        "width": 90,
        "height": 67
      },
      {
        "file_id": "AgACAgIAAxkBAAOqZSM3Z411biOSfa1WeLWJMqYrigkAAnXNMRuOmBlJsLE-chzhrEABAAMCAANtAAMwBA",
        "file_unique_id": "AQADdc0xG46YGUly",
        "file_size": 18851,
        "width": 320,
        "height": 240
      },
      {
        "file_id": "AgACAgIAAxkBAAOqZSM3Z411biOSfa1WeLWJMqYrigkAAnXNMRuOmBlJsLE-chzhrEABAAMCAAN4AAMwBA",
        "file_unique_id": "AQADdc0xG46YGUl9",
        "file_size": 78675,
        "width": 800,
        "height": 600
      },
      {
        "file_id": "AgACAgIAAxkBAAOqZSM3Z411biOSfa1WeLWJMqYrigkAAnXNMRuOmBlJsLE-chzhrEABAAMCAAN5AAMwBA",
        "file_unique_id": "AQADdc0xG46YGUl-",
        "file_size": 87037,
        "width": 1024,
        "height": 768
      }
    ],
    "username": "newversionofkelvin",
    "user_id": 340443504,
    "timestamp": 1696806762471
  }