{
    "_id": "4559e9801702c1e0f9e293aef70097f4",
    "_rev": "1-7284f6b66a716af8a39725637ee7b359",
    "title": "Passionate Dog Walker",
    "category": "Help & services",
    "description": "Love for dogs and outdoor walks unite in my dog walking service! I ensure your furry companion gets the exercise and fresh air they need while you're busy. Available weekdays with flexible hours to suit your schedule.",
    "price": "$15 per walk (first is free)",
    "photos": [
      {
        "file_id": "AgACAgIAAxkBAAPSZSM4Wn3v3BIxkvnJi_fv7IkyA3AAAnfNMRuOmBlJl3BlErYLjDoBAAMCAANzAAMwBA",
        "file_unique_id": "AQADd80xG46YGUl4",
        "file_size": 1800,
        "width": 90,
        "height": 90
      },
      {
        "file_id": "AgACAgIAAxkBAAPSZSM4Wn3v3BIxkvnJi_fv7IkyA3AAAnfNMRuOmBlJl3BlErYLjDoBAAMCAANtAAMwBA",
        "file_unique_id": "AQADd80xG46YGUly",
        "file_size": 33366,
        "width": 320,
        "height": 320
      },
      {
        "file_id": "AgACAgIAAxkBAAPSZSM4Wn3v3BIxkvnJi_fv7IkyA3AAAnfNMRuOmBlJl3BlErYLjDoBAAMCAAN4AAMwBA",
        "file_unique_id": "AQADd80xG46YGUl9",
        "file_size": 192696,
        "width": 800,
        "height": 800
      },
      {
        "file_id": "AgACAgIAAxkBAAPSZSM4Wn3v3BIxkvnJi_fv7IkyA3AAAnfNMRuOmBlJl3BlErYLjDoBAAMCAAN5AAMwBA",
        "file_unique_id": "AQADd80xG46YGUl-",
        "file_size": 281539,
        "width": 1200,
        "height": 1200
      }
    ],
    "username": "newversionofkelvin",
    "user_id": 340443504,
    "timestamp": 1696807005340
  }